Title,Source,Published Date,URL
Tesla Superchargers coming to dozens of Steak ‘n Shake locations,The Verge,2025-02-28T19:31:25Z,https://www.theverge.com/news/621810/tesla-supercharger-steak-n-shake-partnership
Tesla Fires Manager Who Complained About Elon Musk’s Nazi Jokes,Gizmodo.com,2025-02-28T14:15:54Z,https://gizmodo.com/tesla-fires-manager-who-complained-about-elon-musks-nazi-jokes-2000569640
How to Find Your Local Protest Against Elon Musk,Gizmodo.com,2025-02-28T18:45:11Z,https://gizmodo.com/how-to-find-your-local-protest-against-elon-musk-2000570035
Elon Musk said Tesla used internet videos to train self-driving tech in China,Business Insider,2025-02-26T05:56:58Z,https://www.businessinsider.com/elon-musk-tesla-internet-videos-train-china-self-driving-tech-2025-2
Tesla rolls out self-driving tech in China after BYD offers it for free,Business Insider,2025-02-25T13:00:34Z,https://www.businessinsider.com/tesla-china-self-driving-features-byd-offers-free-ev-2025-2
A new document undercuts Trump admin's denials about $400 million Tesla deal,NPR,2025-02-24T17:22:56Z,https://www.npr.org/2025/02/24/nx-s1-5305269/tesla-state-department-elon-musk-trump
Sacramento woman stuns Ramsey Show co-hosts with story of how she turned $1K into $380K with just 1 stock.,Yahoo Entertainment,2025-02-25T09:30:00Z,https://finance.yahoo.com/news/sacramento-woman-stuns-ramsey-show-093000762.html
Woman caught trying to plant explosive devices at Tesla dealership,ABC News,2025-02-27T11:08:35Z,https://abcnews.go.com/US/woman-caught-plant-explosive-devices-tesla-dealership/story?id=119244251
Tesla investors furious at stock’s plunge turn tables on CEO Elon Musk,Yahoo Entertainment,2025-02-27T18:26:15Z,https://consent.yahoo.com/v2/collectConsent?sessionId=1_cc-session_7360935f-5f77-46f3-affc-6c1f110591b3
Your Tesla Is Watching,Yahoo Entertainment,2025-02-26T17:00:00Z,https://consent.yahoo.com/v2/collectConsent?sessionId=1_cc-session_71c0b6c8-59b4-48aa-8412-d9701c152b95
Cryptocurrency theft of £1.1bn could be biggest ever,BBC News,2025-02-22T01:49:14Z,https://www.bbc.com/news/articles/cx2844nvwx8o
The best trade in the market might be following everything Elon Musk touches,Business Insider,2025-02-21T14:18:29Z,https://www.businessinsider.com/best-trade-biggest-returns-might-musk-trade-not-trump-2025-2
Rivian Reports First Quarter of 'Positive Gross Profit',Slashdot.org,2025-02-21T02:11:00Z,https://tech.slashdot.org/story/25/02/21/029217/rivian-reports-first-quarter-of-positive-gross-profit
Las Vegas Police Receive 10 Tesla Cybertrucks From Mystery Donor,Gizmodo.com,2025-02-26T14:05:56Z,https://gizmodo.com/las-vegas-police-receive-10-tesla-cybertrucks-from-mystery-donor-2000568399
"Tesla Cybertruck Body Panels Are Flying Off While Driving, And This Wrap Shop Owner Figured Out Why",Yahoo Entertainment,2025-02-21T20:05:17Z,https://consent.yahoo.com/v2/collectConsent?sessionId=1_cc-session_dc897cef-4cf2-4c2d-a596-b6c434c3cd61
UL Investigates the Best Way to Fight EV Fires,Hackaday,2025-02-26T16:30:00Z,https://hackaday.com/2025/02/26/ul-investigates-the-best-way-to-fight-ev-fires/
"NHTSA Finally Releases Cybertruck Crash Test, Just Don't Ask About Pedestrian Safety",Jalopnik,2025-02-21T15:24:05Z,https://www.jalopnik.com/1796315/nhtsa-tesla-cybertruck-test-results-pedestrian-safety/
Tesla Is No Longer A Trillion-Dollar Company,Jalopnik,2025-02-26T14:18:46Z,https://www.jalopnik.com/1800304/tesla-no-longer-worth-trillion-dollars/
"Duolingo Resurrects Its Mascot, Duo the Owl, After Murder By Tesla Cybertruck",CNET,2025-02-24T18:22:00Z,https://www.cnet.com/culture/internet/duo-the-duolingo-owl-resurrected-after-murder-by-cybertruck/
Tesla cameras capture fatal Las Vegas crash involving man on way to pick up daughters from school,Yahoo Entertainment,2025-02-25T21:34:44Z,https://consent.yahoo.com/v2/collectConsent?sessionId=1_cc-session_52789935-2967-4a40-b357-eee6e200bcba
Humanoid robots are on the march. Here are some of the most eyebrow-raising demo videos out there right now.,Business Insider,2025-02-23T22:01:50Z,https://www.businessinsider.com/ai-humanoid-robot-best-demo-videos-tesla-neo-gamma-realbotix-2025-2
Vollebak Eiderdown Collection,Uncrate.com,2025-02-28T17:31:01Z,https://uncrate.com/vollebak-eiderdown-collection/
Luca Faloni Cashmere Collection,Uncrate.com,2025-02-21T17:24:50Z,https://uncrate.com/luca-faloni-cashmere-collection/
Elon Musk blurs the line between his government and business roles,NPR,2025-02-22T11:00:00Z,https://www.npr.org/2025/02/22/nx-s1-5305682/elon-musk-doge-donald-trump-ethics
An advanced degree was once viewed as the best path toward job security. It's now proving to be a liability.,Business Insider,2025-02-24T14:29:42Z,https://www.businessinsider.com/advanced-degrees-not-job-security-high-school-graduate-debt-2025-2
Nvidia's record earnings reveal just 3 customers make up 30% of revenue,Quartz India,2025-02-27T21:55:00Z,https://qz.com/nvidia-customers-alphabet-amazon-meta-microsoft-tesla-1851766924
"Tesla, GM, and other car makers are winning their customers' loyalty",Quartz India,2025-02-26T19:56:34Z,https://qz.com/gm-tesla-lincoln-ford-brand-loyal-customer-tariff-1851766636
Musk vows to ‘fix’ X after polls show high support for Ukraine’s Zelenskyy,Al Jazeera English,2025-02-21T04:10:07Z,https://www.aljazeera.com/economy/2025/2/21/musk-vows-to-fix-x-after-polls-show-high-support-for-ukraines-zelenskyy
CyberPhoenix slide-in camper is designed to sit on the unconventional bed of Cybertruck,Yanko Design,2025-02-20T21:30:06Z,https://www.yankodesign.com/2025/02/20/cyberphoenix-slide-in-camper-is-designed-to-sit-on-the-unconventional-bed-of-cybertruck/
"Nvidia, Tesla, Super Micro Computer: Stocks to watch today",Quartz India,2025-02-26T14:55:00Z,https://qz.com/nvidia-smci-tesla-super-micro-stocks-to-watch-1851766513
Tesla inches closer to Full Self-Driving in China,Quartz India,2025-02-25T14:00:00Z,https://qz.com/elon-musk-autopilot-fsd-update-china-tech-rival-byd-1851766292
Watch this humanoid robot perform a front flip in world first,Digital Trends,2025-02-25T06:05:11Z,https://www.digitaltrends.com/computing/humanoid-robot-performs-front-flip-in-world-first/
Elon Musk’s first 30 days: How DOGE is reshaping the federal government,ABC News,2025-02-24T22:23:04Z,https://abcnews.go.com/Politics/elon-musks-30-days-doge-reshaping-federal-government/story?id=119003214
Musk's whirlwind approach sparks rift in White House and Trump's orbit: Sources,ABC News,2025-02-25T20:58:52Z,https://abcnews.go.com/Politics/musks-whirlwind-approach-sparks-rift-white-house-trumps/story?id=119179219
Tesla Prepares to Deploy Long-Awaited FSD Features in China,Yahoo Entertainment,2025-02-25T02:53:54Z,https://consent.yahoo.com/v2/collectConsent?sessionId=1_cc-session_f83de273-b257-463f-8b5d-1e9e9e9aa95d
"Tesla Cybertruck Body Panels Are Flying Off While Driving, And This Wrap Shop Owner Figured Out Why",Jalopnik,2025-02-21T20:05:17Z,https://www.jalopnik.com/1796761/tesla-cybertruck-body-panels-flying-off-while-driving/
How Sam Altman Could Break Up Elon Musk and Donald Trump,The Atlantic,2025-02-26T19:42:00Z,https://www.theatlantic.com/technology/archive/2025/02/sam-altman-elon-musk-trump/681838/
Here's what management experts think about Elon Musk's DOGE emails,Business Insider,2025-02-23T20:19:08Z,https://www.businessinsider.com/business-leaders-react-elon-musk-doge-management-tactics-federal-emails-2025-2
How Warren Buffett is preparing for his 60-year Berkshire Hathaway reign to end,Business Insider,2025-02-28T22:01:01Z,https://www.businessinsider.com/warren-buffett-berkshire-hathaway-succession-planning-greg-abel-stock-billionaires-2025-2
MANSORY Gives the Cybertruck an Extra Edge,HYPEBEAST,2025-02-28T06:54:13Z,https://hypebeast.com/2025/2/mansory-elongation-tesla-cybertruck-release-info
"Elon Musk Waves Javier Milei’s Chainsaw, Touting Cuts to Government Spending at CPAC",Time,2025-02-21T00:45:00Z,https://time.com/7260140/musk-chainsaw-cpac-javier-milei/
Tesla's stock slide drops its market cap under $1 trillion,Quartz India,2025-02-26T13:33:00Z,https://qz.com/tesla-stock-market-cap-elon-musk-donald-trump-election-1851766498
Elon Musk's DOGE is going after the agencies that regulate his companies,Quartz India,2025-02-21T13:42:00Z,https://qz.com/elon-musk-doge-nhtsa-tesla-neuralink-spacex-fda-faa-1851765781
Tesla stock just had its second-worst month ever as Elon Musk's investors turn jittery,Quartz India,2025-02-28T21:05:00Z,https://qz.com/tesla-stock-bad-month-elon-musk-1851767073
Thousands of Canadians sign petition to revoke Musk's citizenship,BBC News,2025-02-26T01:29:52Z,https://www.bbc.com/news/articles/cwydeppzggno
"Tesla falls 8%, falls below $1 trillion market cap, on plunging European car sales",Business Insider,2025-02-25T21:15:35Z,https://markets.businessinsider.com/news/stocks/tesla-stock-price-european-car-sales-decline-ev-market-musk-2025-2
One option for electric vehicle fires? Let them burn.,MIT Technology Review,2025-02-24T12:17:02Z,https://www.technologyreview.com/2025/02/24/1111551/ev-lithium-ion-battery-fire-first-responders-firefighters/
Why the U.S. wants Ukraine's minerals. And AOC speaks with NPR's Steve Inskeep,NPR,2025-02-28T11:49:55Z,https://www.npr.org/2025/02/28/g-s1-51205/up-first-newsletter-ukraine-us-mineral-deal-andrew-tate-aoc
"Trump's sweeping DOGE-driven cuts are impacting military veterans, who say the firings are causing fear and confusion",Business Insider,2025-02-20T09:30:02Z,https://www.businessinsider.com/trump-doge-cuts-hit-military-veterans-causing-fear-confusion-2025-2
 McDonald's is keeping eggs cheap,Quartz India,2025-02-27T10:55:00Z,https://qz.com/emails/daily-brief/1851766697/mcdonalds-eggs-tesla-trump-alexa-bitcoin-daily-brief
Elon Musk said Tesla used internet videos to train self-driving tech in China,Biztoc.com,2025-02-26T06:04:27Z,https://biztoc.com/x/3a9f0368a864beb5
Author of Upcoming Elon Musk Biography Says ‘There Is No Evidence’ Billionaire Has Any ‘Intellectual Achievements’,Yahoo Entertainment,2025-02-22T04:05:38Z,https://www.yahoo.com/news/author-upcoming-elon-musk-biography-040538098.html
Ashley St. Clair Says Elon Musk Messaged Her That They Have a 'Legion of Kids to Make' Months After Reported Son's Birth,PEOPLE,2025-02-22T23:30:00Z,https://people.com/ashley-st-clair-says-elon-musk-said-they-have-a-legion-of-kids-to-make-11684656
"Tesla Model 3 Lease Deals To End March 3, As Price Dips Below $35,000",Forbes,2025-02-26T09:20:04Z,https://www.forbes.com/sites/brookecrothers/2025/02/26/tesla-model-3-lease-deals-to-end-march-3-as-price-dips-below-35000/
"Monetary Standoff Fueled By Tariffs, Immigration, And Elon Musk",Forbes,2025-02-24T17:16:09Z,https://www.forbes.com/sites/danirvine/2025/02/24/monetary-standoff-fueled-by-tariffs-immigration-and-elon-musk/
"It Costs a Lot to Replace EV Batteries, but How Often Do You Need to?",CNET,2025-02-27T19:20:00Z,https://www.cnet.com/home/electric-vehicles/it-costs-a-lot-replace-ev-batteries-but-how-often-do-you-need-to/
Tesla crashes below $1 trillion for the first time since the election as fears mount over a weak Q1,Yahoo Entertainment,2025-02-25T18:24:18Z,https://consent.yahoo.com/v2/collectConsent?sessionId=1_cc-session_871db1d0-f612-4f8a-98bd-5d0c863ea507
Tesla Launches FSD Beta In China,redmondpie.com,2025-02-25T20:39:33Z,https://www.redmondpie.com/tesla-launches-fsd-beta-in-china/
Deep Cuts Hit National Parks Ahead of Busy Season...,Sierra Magazine,2025-02-25T17:01:37Z,https://www.sierraclub.org/Sierra/national-parks-storm-named-trump-hits-nps-ahead-busy-season
California crowd savagely boos transportation secretary...,SFGate,2025-02-22T00:04:37Z,https://www.sfgate.com/travel/article/calif-crowd-boos-trump-transportation-secretary-20177876.php
US drops immigration case against SPACEX...,CNBC,2025-02-22T00:04:37Z,https://www.cnbc.com/2025/02/20/us-says-it-will-drop-immigration-case-against-spacex.html
Elon Musk’s Net Worth Plummets Amid DOGE Takeover,The New Republic,2025-02-26T15:21:56Z,https://newrepublic.com/post/191998/elon-musk-net-worth-plummets
Tesla Cybertruck Banned In The UK Due To Safety Issues,Forbes,2025-02-20T15:37:55Z,https://www.forbes.com/sites/peterlyon/2025/02/20/tesla-cybertruck-banned-in-the-uk-due-to-safety-issues/
"Tuesday’s Tech Stock Tank: Super Micro, Tesla, Advanced Micro, Intel",Forbes,2025-02-26T02:40:27Z,https://www.forbes.com/sites/johnnavin/2025/02/25/tuesdays-tech-stock-tank-super-micro-tesla-advanced-micro-intel/
"Tesla’s FSD Update In China Falls Short, According To Reports",Forbes,2025-02-25T09:52:30Z,https://www.forbes.com/sites/nicolekobie/2025/02/25/teslas-fsd-update-in-china-falls-short-according-to-reports/
Tesla Applies For Second Of Six Permits Needed For CA Robotaxi,Forbes,2025-02-28T23:49:37Z,https://www.forbes.com/sites/bradtempleton/2025/02/28/tesla-applies-for-second-of-six-permits-needed-for-ca-robot/
Elon enters the circus,The Verge,2025-02-28T14:41:51Z,https://www.theverge.com/policy/620892/cpac-elon-musk-chainsaw-trump-steve-bannon
Data show Tesla sales declined sharply in Europe,Biztoc.com,2025-02-27T23:21:28Z,https://biztoc.com/x/09c1c0a7c18f63f2
DOGE's latest request came with plenty of confusion,Business Insider,2025-02-25T13:32:01Z,https://www.businessinsider.com/federal-workers-deciding-respond-musk-doge-email-deadline-conflicting-guidance-2025-2
People are pumping the brakes on their expectations of economic growth,Business Insider,2025-02-27T13:46:54Z,https://www.businessinsider.com/us-economy-slowing-signs-slowing-doge-sluggish-growth-2025-2
Auto & Transport Roundup: Market Talk,Biztoc.com,2025-02-26T09:44:20Z,https://biztoc.com/x/ce35f64a8affbcbe
2025 Tesla Model S And Model X Refresh Coming Later In The Year,redmondpie.com,2025-02-24T20:26:35Z,https://www.redmondpie.com/2025-tesla-model-s-and-model-x-refresh-coming-later-in-the-year/
"Tesla dealership vandalism suspect arrested with explosives, police say",Biztoc.com,2025-02-27T05:58:20Z,https://biztoc.com/x/85aa3489620aba72
Watch: 1X's Neo Gamma robot does your chores for you,New Atlas,2025-02-22T22:11:00Z,https://newatlas.com/robotics/watch-1xs-neo-gamma-happily-helps-out-so-you-dont-have-to/
Kia's slick EV4 sedan promises 390-mile range to rival Tesla's Model 3,New Atlas,2025-02-28T19:00:00Z,https://newatlas.com/automotive/kia-ev4-sedan-390-mile-range/
'We swore to uphold our oath to Constitution'... Developing...,The-express.com,2025-02-25T17:01:36Z,https://www.the-express.com/news/politics/164710/Elon-Musk-s-DOGE-thrown-into-chaos-with-mass-resignation-and-stinging-4-word-message
'We swore to uphold our oath to Constitution'... Developing...,The-express.com,2025-02-25T20:34:45Z,https://www.the-express.com/news/164710
Tesla says it will refresh the Model S and Model X this year – here are 5 things I want to see,TechRadar,2025-02-25T20:00:00Z,https://www.techradar.com/vehicle-tech/hybrid-electric-vehicles/tesla-says-it-will-refresh-the-model-s-and-model-x-this-year-here-are-5-things-i-want-to-see
New Report Exposes How Elon Musk Made U.S. Government His Cash Cow,The New Republic,2025-02-26T16:33:55Z,https://newrepublic.com/post/192001/elon-musk-government-funding-wealth
Elon Musk May Be Headed To ‘The Daily Show’ After Jon Stewart’s DOGE Takedown As Program Responds To His Conditions,Deadline,2025-02-26T21:23:30Z,http://deadline.com/2025/02/elon-musk-the-daily-show-jon-stewart-doge-1236302877/
"Tesla, EV Market Could Take Hit With End Of EV Tax Credit",Forbes,2025-02-23T20:42:02Z,https://www.forbes.com/sites/brookecrothers/2025/02/23/tesla-ev-market-could-take-hit-with-end-of-ev-tax-credit/
ETFs for Lovers and Haters of Tesla,Yahoo Entertainment,2025-02-28T14:00:00Z,https://consent.yahoo.com/v2/collectConsent?sessionId=1_cc-session_e45f803c-0db0-4946-a25b-29d9bc15fccc
"Tesla Stock Drops 8% As European Sales Fall, Elon Musk’s Net Worth Goes Down $15 Billion",Forbes,2025-02-25T18:24:41Z,https://www.forbes.com/sites/mollybohannon/2025/02/25/tesla-stock-drops-8-as-european-sales-fall-elon-musks-net-worth-goes-down-15-billion/
Tesla shares slump after European sales fall,BBC News,2025-02-25T19:35:34Z,https://www.bbc.com/news/articles/cvgd9v3r69qo
"SoftBank could steal Microsoft's title as the exclusive cloud provider and largest investor to OpenAI as $500B ""Stargate"" projects a $20B loss by 2027",Windows Central,2025-02-24T12:00:40Z,https://www.windowscentral.com/software-apps/softbank-could-steal-microsoft-exclusive-cloud-provider-and-largest-investor-title
"Bill Gates says Gen Z should worry about 4 ""very scary things,"" including ""keeping control of AI"" — after predicting its replacement of humans for most tasks",Windows Central,2025-02-20T13:43:51Z,https://www.windowscentral.com/software-apps/bill-gates-says-gen-z-should-worry-about-4-very-scary-things
America Hates Mark Zuckerberg,Gizmodo.com,2025-02-20T17:35:13Z,https://gizmodo.com/america-hates-mark-zuckerberg-2000566236
Larry Ellison’s $500 Million Vertical Farming Startup Is Struggling to Grow,Gizmodo.com,2025-02-24T19:20:04Z,https://gizmodo.com/larry-ellisons-500-million-vertical-farming-startup-is-struggling-2000567562
War Truck is an open configuration restomod EV based on battle-tested Vietnam war jeeps,Yanko Design,2025-02-20T14:20:14Z,https://www.yankodesign.com/2025/02/20/war-truck-is-an-open-configuration-restomod-ev-based-on-battle-tested-vietnam-war-jeeps/
Tesla Continues To Cut The Price Of Model Y In Inventory,Forbes,2025-02-24T05:14:10Z,https://www.forbes.com/sites/brookecrothers/2025/02/24/tesla-continues-to-cut-the-price-of-model-y-in-inventory/
Here's what we know about Musk's donation of Tesla shares to charity,Snopes.com,2025-02-26T23:58:00Z,https://www.snopes.com//fact-check/musk-tesla-shares-charity/
Hedge funds are trimming their Magnificent 7 holdings — here's what they're buying instead,Business Insider,2025-02-25T09:45:02Z,https://www.businessinsider.com/hedge-funds-top-stock-picks-magnificent-7-tesla-trump-trade-2025-2
U.S. stocks give up morning gains to close mixed,Quartz India,2025-02-26T21:10:00Z,https://qz.com/us-stocks-close-lower-on-tariff-confusion-1851766674
Nissan’s Shares Surge After Report Says Japanese Group May Seek Tesla’s Investment,Forbes,2025-02-21T07:43:50Z,https://www.forbes.com/sites/siladityaray/2025/02/21/nissans-shares-surge-after-report-says-japanese-group-may-seek-teslas-investment/
Here's why some people think Tesla automobiles can 'see ghosts',Snopes.com,2025-02-25T11:00:00Z,https://www.snopes.com//news/2025/02/25/why-some-people-think-tesla-automobiles-can-see-ghosts/
Unpacking claims about $400M 'armored Tesla' State Department contract,Snopes.com,2025-02-28T14:00:00Z,https://www.snopes.com//news/2025/02/28/armored-tesla-state-department-400-mil/
Tesla faces challenges as GM gains ground in EV race,Yahoo Entertainment,2025-02-28T11:01:44Z,https://consent.yahoo.com/v2/collectConsent?sessionId=1_cc-session_59aeabaf-691a-4280-bb87-625d180016df
Musk mocked in Tesla 'Swasticar' poster at London bus stop,Snopes.com,2025-02-27T02:30:00Z,https://www.snopes.com//news/2025/02/27/musk-tesla-poster-london/
